source_file,model,seed_title,seed_title_slug,idea_id,idea_id_slug,idea_title,overall_weighted_score,verdict,score_originality_novelty,score_relevance_alignment,score_feasibility_resources,score_testability_falsifiability,score_methodological_rigor,score_literature_grounding,score_potential_impact,score_clarity_specificity,score_safety_ethics_risk,biblio_novelty_seed,hybrid_max,hybrid_median,hybrid_min,joint_fraction_novel,novel_fraction_hybrid<0.25,novel_fraction_sbert<0.55,sbert_max,sbert_median,sbert_min,biblio_novelty_effective
Self-Consistency2203.11171v4_idea_ratings.json,deepseekv3,Self-Consistency Improves Chain-of-Thought Reasoning in Language Models,self-consistencyimproveschain-of-thoughtreasoninginlanguagemodels,dynamic_self_consistency,dynamicselfconsistency,Dynamic Self-Consistency: Leveraging Reasoning Paths for Efficient LLM Sampling,4.35,revise,3.0,5.0,5.0,5.0,4.0,5.0,4.0,4.0,5.0,,,,,,,,,,,
Self-Consistency2203.11171v4_idea_ratings.json,deepseekv3,Self-Consistency Improves Chain-of-Thought Reasoning in Language Models,self-consistencyimproveschain-of-thoughtreasoninginlanguagemodels,self_consistency_for_fewshot_prompting,selfconsistencyforfewshotprompting,Enhancing Few-Shot Learning with Self-Consistency in Chain-of-Thought Prompting,4.45,accept,4.0,5.0,4.0,5.0,4.0,5.0,4.0,5.0,5.0,,,,,,,,,,,
Self-Consistency2203.11171v4_idea_ratings.json,deepseekv3,Self-Consistency Improves Chain-of-Thought Reasoning in Language Models,self-consistencyimproveschain-of-thoughtreasoninginlanguagemodels,dynamic_self-consistency,dynamicself-consistency,Dynamic Self-Consistency for Efficient and Robust Chain-of-Thought Reasoning,4.4,revise,3.0,5.0,5.0,5.0,4.0,5.0,4.0,5.0,5.0,,,,,,,,,,,
Self-Consistency2203.11171v4_idea_ratings.json,deepseekv3,Self-Consistency Improves Chain-of-Thought Reasoning in Language Models,self-consistencyimproveschain-of-thoughtreasoninginlanguagemodels,dynamic_self-consistency_reasoning,dynamicself-consistencyreasoning,Dynamic Self-Consistency: Leveraging Reasoning Paths for Efficient LLM Sampling,4.25,revise,3.0,5.0,4.0,5.0,4.0,5.0,4.0,5.0,5.0,,,,,,,,,,,
Self-Consistency2203.11171v4_idea_ratings.json,deepseekv3,Self-Consistency Improves Chain-of-Thought Reasoning in Language Models,self-consistencyimproveschain-of-thoughtreasoninginlanguagemodels,dynamic_self-consistency,dynamicself-consistency,Dynamic Self-Consistency for Efficient and Robust Chain-of-Thought Reasoning,4.4,revise,3.0,5.0,5.0,5.0,4.0,5.0,4.0,5.0,5.0,,,,,,,,,,,
Decision Transformer2106.01345v2_idea_ratings.json,deepseekv3,Decision Transformer: Reinforcement Learning via Sequence Modeling,decisiontransformerreinforcementlearningviasequencemodeling,efficient_sequence_rl,efficientsequencerl,Efficient Sequence Modeling for Long-Horizon Reinforcement Learning with Mamba Hybrids,3.95,revise,4.0,5.0,4.0,3.0,3.0,4.0,4.0,4.0,4.0,0.392433862193185,0.6444276732156002,0.6075661378068149,0.5818454793199311,0.0,0.0,0.24000000000000005,0.6897014617919922,0.6272085428237915,0.5180584073066712,0.392433862193185
Decision Transformer2106.01345v2_idea_ratings.json,deepseekv3,Decision Transformer: Reinforcement Learning via Sequence Modeling,decisiontransformerreinforcementlearningviasequencemodeling,robust_sequence_rl,robustsequencerl,Robust Sequence Modeling for Reinforcement Learning in Noisy Environments,3.6,revise,3.0,5.0,3.0,3.0,3.0,4.0,4.0,4.0,4.0,0.392433862193185,0.6444276732156002,0.6075661378068149,0.5818454793199311,0.0,0.0,0.24000000000000005,0.6897014617919922,0.6272085428237915,0.5180584073066712,0.392433862193185
Decision Transformer2106.01345v2_idea_ratings.json,deepseekv3,Decision Transformer: Reinforcement Learning via Sequence Modeling,decisiontransformerreinforcementlearningviasequencemodeling,mamba_decision_maker,mambadecisionmaker,Mamba Decision Maker: Multi-scale Sequence Modeling for Offline Reinforcement Learning,4.5,accept,5.0,5.0,5.0,4.0,4.0,4.0,4.0,4.0,4.0,0.392433862193185,0.6444276732156002,0.6075661378068149,0.5818454793199311,0.0,0.0,0.24000000000000005,0.6897014617919922,0.6272085428237915,0.5180584073066712,0.392433862193185
Decision Transformer2106.01345v2_idea_ratings.json,deepseekv3,Decision Transformer: Reinforcement Learning via Sequence Modeling,decisiontransformerreinforcementlearningviasequencemodeling,efficient_sequence_rl_02,efficientsequencerl02,Efficient Sequence Modeling for Long-Horizon Reinforcement Learning with Mamba Hybrids,3.95,revise,4.0,5.0,4.0,3.0,3.0,4.0,4.0,4.0,4.0,0.392433862193185,0.6444276732156002,0.6075661378068149,0.5818454793199311,0.0,0.0,0.24000000000000005,0.6897014617919922,0.6272085428237915,0.5180584073066712,0.392433862193185
Decision Transformer2106.01345v2_idea_ratings.json,deepseekv3,Decision Transformer: Reinforcement Learning via Sequence Modeling,decisiontransformerreinforcementlearningviasequencemodeling,robust_decision_transformer,robustdecisiontransformer,Robust Decision Transformer for Offline Reinforcement Learning with Data Corruption,4.0,revise,5.0,5.0,2.0,4.0,4.0,4.0,4.0,4.0,3.0,0.392433862193185,0.6444276732156002,0.6075661378068149,0.5818454793199311,0.0,0.0,0.24000000000000005,0.6897014617919922,0.6272085428237915,0.5180584073066712,0.392433862193185
Kalman-Filter0901.3725v1_idea_ratings.json,deepseekv3,A Brief Tutorial on the Ensemble Kalman Filter,abrieftutorialontheensemblekalmanfilter,ensemble_kalman_filter_extensions,ensemblekalmanfilterextensions,Exploring Nonlinear and Non-Gaussian Extensions to the Ensemble Kalman Filter for High-Dimensional Systems,4.2,accept,4.0,5.0,4.0,4.0,4.0,4.0,4.0,4.0,5.0,,,,,,,,,,,
Kalman-Filter0901.3725v1_idea_ratings.json,deepseekv3,A Brief Tutorial on the Ensemble Kalman Filter,abrieftutorialontheensemblekalmanfilter,adaptive_precision_localization,adaptiveprecisionlocalization,Adaptive Precision Localization for Ensemble Kalman Filters,4.4,accept,5.0,5.0,4.0,4.0,4.0,4.0,4.0,4.0,5.0,,,,,,,,,,,
Kalman-Filter0901.3725v1_idea_ratings.json,deepseekv3,A Brief Tutorial on the Ensemble Kalman Filter,abrieftutorialontheensemblekalmanfilter,deep_ensemble_kalman_filter,deepensemblekalmanfilter,Deep Learning-Enhanced Ensemble Kalman Filter for Nonlinear Data Assimilation in Chaotic Systems,3.65,revise,3.0,5.0,3.0,4.0,3.0,3.0,4.0,4.0,5.0,,,,,,,,,,,
Kalman-Filter0901.3725v1_idea_ratings.json,deepseekv3,A Brief Tutorial on the Ensemble Kalman Filter,abrieftutorialontheensemblekalmanfilter,adaptive_non-gaussian_enkf,adaptivenon-gaussianenkf,Adaptive Non-Gaussian Extensions to Ensemble Kalman Filtering for High-Dimensional Systems,3.85,revise,3.0,5.0,4.0,4.0,3.0,4.0,4.0,3.0,5.0,,,,,,,,,,,
Tree-of-Thoughts2305.10601v2_idea_ratings.json,deepseekv3,Tree of Thoughts: Deliberate Problem Solving with Large Language Models,treeofthoughtsdeliberateproblemsolvingwithlargelanguagemodels,mcts_llm_complex_math,mctsllmcomplexmath,Enhancing Complex Mathematical Problem Solving with Monte Carlo Tree Search-Guided LLMs,4.3,accept,5.0,5.0,4.0,4.0,4.0,3.0,4.0,4.0,5.0,0.3098713479149535,0.713077673572452,0.6901286520850465,0.663010540676774,0.0,0.0,0.45999999999999996,0.6746761798858643,0.6117545604705811,0.420537930727005,0.3098713479149535
Tree-of-Thoughts2305.10601v2_idea_ratings.json,deepseekv3,Tree of Thoughts: Deliberate Problem Solving with Large Language Models,treeofthoughtsdeliberateproblemsolvingwithlargelanguagemodels,llm_verifier_aided_planning,llmverifieraidedplanning,Iterative Plan Refinement in LLMs Using External Verifiers for Robust Planning,4.25,accept,5.0,5.0,4.0,4.0,4.0,3.0,4.0,4.0,4.0,0.3098713479149535,0.713077673572452,0.6901286520850465,0.663010540676774,0.0,0.0,0.45999999999999996,0.6746761798858643,0.6117545604705811,0.420537930727005,0.3098713479149535
Tree-of-Thoughts2305.10601v2_idea_ratings.json,deepseekv3,Tree of Thoughts: Deliberate Problem Solving with Large Language Models,treeofthoughtsdeliberateproblemsolvingwithlargelanguagemodels,graph_llm_multimodal_qa,graphllmmultimodalqa,Graph-Based Reasoning for Multi-Modal Question Answering with LLMs,3.6,revise,4.0,3.0,4.0,4.0,4.0,2.0,3.0,4.0,5.0,0.3098713479149535,0.713077673572452,0.6901286520850465,0.663010540676774,0.0,0.0,0.45999999999999996,0.6746761798858643,0.6117545604705811,0.420537930727005,0.3098713479149535
Tree-of-Thoughts2305.10601v2_idea_ratings.json,deepseekv3,Tree of Thoughts: Deliberate Problem Solving with Large Language Models,treeofthoughtsdeliberateproblemsolvingwithlargelanguagemodels,adaptive_thought_refinement,adaptivethoughtrefinement,Adaptive Thought Refinement for Large Language Models in Complex Reasoning Tasks,4.0,revise,5.0,3.0,4.0,4.0,4.0,3.0,4.0,4.0,5.0,0.3098713479149535,0.713077673572452,0.6901286520850465,0.663010540676774,0.0,0.0,0.45999999999999996,0.6746761798858643,0.6117545604705811,0.420537930727005,0.3098713479149535
Tree-of-Thoughts2305.10601v2_idea_ratings.json,deepseekv3,Tree of Thoughts: Deliberate Problem Solving with Large Language Models,treeofthoughtsdeliberateproblemsolvingwithlargelanguagemodels,llm_guided_tree_search_for_code_generation,llmguidedtreesearchforcodegeneration,LLM-Guided Tree Search for Efficient Code Generation in Large-Scale Programming Tasks,4.25,revise,5.0,5.0,4.0,4.0,4.0,3.0,4.0,4.0,4.0,0.3098713479149535,0.713077673572452,0.6901286520850465,0.663010540676774,0.0,0.0,0.45999999999999996,0.6746761798858643,0.6117545604705811,0.420537930727005,0.3098713479149535
ReAct2210.03629v3_idea_ratings.json,deepseekv3,ReAct: Synergizing Reasoning and Acting in Language Models,reactsynergizingreasoningandactinginlanguagemodels,reasoning_acting_unification,reasoningactingunification,Unifying Reasoning and Acting in Language Models for Enhanced Decision-Making,4.2,revise,4.0,5.0,4.0,4.0,4.0,4.0,4.0,4.0,5.0,0.25672631263943835,0.7612081097237824,0.7432736873605617,0.705331298697686,0.0,0.0,0.4,0.7366754561662674,0.6305528581142426,0.3900574594736099,0.25672631263943835
ReAct2210.03629v3_idea_ratings.json,deepseekv3,ReAct: Synergizing Reasoning and Acting in Language Models,reactsynergizingreasoningandactinginlanguagemodels,interleaved_reasoning_rl,interleavedreasoningrl,Interleaved Reasoning for Large Language Models via Reinforcement Learning,3.85,revise,4.0,5.0,3.0,4.0,3.0,3.0,4.0,4.0,5.0,0.25672631263943835,0.7612081097237824,0.7432736873605617,0.705331298697686,0.0,0.0,0.4,0.7366754561662674,0.6305528581142426,0.3900574594736099,0.25672631263943835
ReAct2210.03629v3_idea_ratings.json,deepseekv3,ReAct: Synergizing Reasoning and Acting in Language Models,reactsynergizingreasoningandactinginlanguagemodels,reasoning_acting_unified,reasoningactingunified,Unifying Reasoning and Acting in Language Models for Real-World Decision Making,4.0,revise,3.0,5.0,4.0,4.0,4.0,4.0,4.0,4.0,5.0,0.25672631263943835,0.7612081097237824,0.7432736873605617,0.705331298697686,0.0,0.0,0.4,0.7366754561662674,0.6305528581142426,0.3900574594736099,0.25672631263943835
ReAct2210.03629v3_idea_ratings.json,deepseekv3,ReAct: Synergizing Reasoning and Acting in Language Models,reactsynergizingreasoningandactinginlanguagemodels,dynamic_dialogue_agent,dynamicdialogueagent,Dynamic Dialogue Agents for Enhanced Decision-Making and User Interaction,3.7,revise,4.0,4.0,4.0,3.0,3.0,3.0,4.0,4.0,4.0,0.25672631263943835,0.7612081097237824,0.7432736873605617,0.705331298697686,0.0,0.0,0.4,0.7366754561662674,0.6305528581142426,0.3900574594736099,0.25672631263943835
ReAct2210.03629v3_idea_ratings.json,deepseekv3,ReAct: Synergizing Reasoning and Acting in Language Models,reactsynergizingreasoningandactinginlanguagemodels,interleaved_reasoning_acting_rl,interleavedreasoningactingrl,Interleaved Reasoning and Acting in Language Models via Reinforcement Learning,3.55,revise,3.0,5.0,3.0,3.0,3.0,3.0,4.0,4.0,5.0,0.25672631263943835,0.7612081097237824,0.7432736873605617,0.705331298697686,0.0,0.0,0.4,0.7366754561662674,0.6305528581142426,0.3900574594736099,0.25672631263943835
Toolformer2302.04761v1_idea_ratings.json,deepseekv3,Toolformer: Language Models Can Teach Themselves to Use Tools&#x20;,toolformerlanguagemodelscanteachthemselvestousetoolsx20,self_training_tool_use,selftrainingtooluse,Self-Training Large Language Models for Tool Use Without Demonstrations,4.1,revise,4.0,5.0,4.0,4.0,4.0,3.0,4.0,4.0,5.0,,,,,,,,,,,
Toolformer2302.04761v1_idea_ratings.json,deepseekv3,Toolformer: Language Models Can Teach Themselves to Use Tools&#x20;,toolformerlanguagemodelscanteachthemselvestousetoolsx20,self_training_llm_for_tool_use,selftrainingllmfortooluse,Self-Training Large Language Models for Tool Use Without Demonstrations in Real-World Applications,3.7,revise,3.0,5.0,4.0,3.0,3.0,3.0,4.0,4.0,5.0,,,,,,,,,,,
GNNExplaine1903.03894v4_idea_ratings.json,deepseekv3,GNNExplainer: Generating Explanations for Graph Neural Networks,gnnexplainergeneratingexplanationsforgraphneuralnetworks,mutual_info_gnn_explain,mutualinfognnexplain,Mutual Information-Driven Explanations for Graph Neural Networks via Subgraph Distillation,4.6,accept,5.0,5.0,3.0,5.0,5.0,5.0,4.0,5.0,5.0,0.4669838901590303,0.566246340109174,0.5330161098409697,0.5089158158288047,0.0,0.0,0.15,0.725707495212555,0.651613426208496,0.5548217415809631,0.4669838901590303
GNNExplaine1903.03894v4_idea_ratings.json,deepseekv3,GNNExplainer: Generating Explanations for Graph Neural Networks,gnnexplainergeneratingexplanationsforgraphneuralnetworks,inductive_counterfactual_gnn,inductivecounterfactualgnn,Inductive Counterfactual Explanations for Graph Neural Networks with Minimal Perturbations,4.45,accept,5.0,4.0,3.0,5.0,5.0,5.0,5.0,5.0,3.0,0.4669838901590303,0.566246340109174,0.5330161098409697,0.5089158158288047,0.0,0.0,0.15,0.725707495212555,0.651613426208496,0.5548217415809631,0.4669838901590303
GNNExplaine1903.03894v4_idea_ratings.json,deepseekv3,GNNExplainer: Generating Explanations for Graph Neural Networks,gnnexplainergeneratingexplanationsforgraphneuralnetworks,self_explainable_temporal_gnn,selfexplainabletemporalgnn,Self-Explainable Temporal Graph Neural Networks via Dynamic Information Bottleneck,4.45,accept,5.0,4.0,3.0,5.0,5.0,5.0,4.0,5.0,5.0,0.4669838901590303,0.566246340109174,0.5330161098409697,0.5089158158288047,0.0,0.0,0.15,0.725707495212555,0.651613426208496,0.5548217415809631,0.4669838901590303
GNNExplaine1903.03894v4_idea_ratings.json,deepseekv3,GNNExplainer: Generating Explanations for Graph Neural Networks,gnnexplainergeneratingexplanationsforgraphneuralnetworks,global_concept_detection_gnns,globalconceptdetectiongnns,Global Concept Detection in Graph Neural Networks via Neuron-Level Analysis and Lightweight Subgraph Extraction,4.25,accept,5.0,4.0,4.0,2.0,4.0,5.0,5.0,4.0,5.0,0.4669838901590303,0.566246340109174,0.5330161098409697,0.5089158158288047,0.0,0.0,0.15,0.725707495212555,0.651613426208496,0.5548217415809631,0.4669838901590303
Consistency-Models2303.01469v2_idea_ratings.json,deepseekv3,Consistency Models,consistencymodels,consistency_models_for_music_generation,consistencymodelsformusicgeneration,Consistency Models for High-Fidelity One-Step Music Generation,3.8,revise,4.0,5.0,3.0,3.0,3.0,4.0,4.0,4.0,4.0,0.33861413367822235,0.6768331857503552,0.6613858663217776,0.6319216935240501,0.0,0.0,0.39,0.6576495409011841,0.5697371244430542,0.4249368190765381,0.33861413367822235
Consistency-Models2303.01469v2_idea_ratings.json,deepseekv3,Consistency Models,consistencymodels,cross_modal_consistency,crossmodalconsistency,Enhancing Cross-Modal Consistency in Multi-Modal Tasks Using Transformer-Based Architectures,3.65,revise,3.0,5.0,4.0,4.0,3.0,3.0,3.0,4.0,4.0,0.33861413367822235,0.6768331857503552,0.6613858663217776,0.6319216935240501,0.0,0.0,0.39,0.6576495409011841,0.5697371244430542,0.4249368190765381,0.33861413367822235
Consistency-Models2303.01469v2_idea_ratings.json,deepseekv3,Consistency Models,consistencymodels,consistency_models_rl,consistencymodelsrl,Enhancing Reinforcement Learning with Consistency Models as Policy Representations,3.8,revise,4.0,5.0,3.0,4.0,2.0,4.0,4.0,4.0,4.0,0.33861413367822235,0.6768331857503552,0.6613858663217776,0.6319216935240501,0.0,0.0,0.39,0.6576495409011841,0.5697371244430542,0.4249368190765381,0.33861413367822235
Consistency-Models2303.01469v2_idea_ratings.json,deepseekv3,Consistency Models,consistencymodels,zero_shot_video_stylization,zeroshotvideostylization,Zero-Shot Video Stylization via Temporal-Aware Diffusion Models,3.75,revise,3.0,5.0,4.0,4.0,3.0,4.0,3.0,4.0,4.0,0.33861413367822235,0.6768331857503552,0.6613858663217776,0.6319216935240501,0.0,0.0,0.39,0.6576495409011841,0.5697371244430542,0.4249368190765381,0.33861413367822235
Consistency-Models2303.01469v2_idea_ratings.json,deepseekv3,Consistency Models,consistencymodels,zero_shot_temporal_consistency,zeroshottemporalconsistency,Zero-Shot Temporal Consistency in Video Editing Using Diffusion Models with Depth Map Guidance,3.85,revise,3.0,5.0,4.0,4.0,3.0,4.0,4.0,4.0,4.0,0.33861413367822235,0.6768331857503552,0.6613858663217776,0.6319216935240501,0.0,0.0,0.39,0.6576495409011841,0.5697371244430542,0.4249368190765381,0.33861413367822235
AutoGen2308.08155v2_idea_ratings.json,deepseekv3,AutoGen: Enabling Next-Gen LLM Applications via Multi-Agent Conversation,autogenenablingnext-genllmapplicationsviamulti-agentconversation,efficient_llm_multiagent,efficientllmmultiagent,Efficient and Secure Multi-Agent Communication for LLM Applications,3.65,revise,4.0,2.0,4.0,4.0,4.0,4.0,4.0,4.0,3.0,0.2240671810725198,0.7920410004601415,0.7759328189274802,0.7573749606253484,0.0,0.0,0.75,0.6221019625663757,0.48806828260421753,0.36931823939085,0.2240671810725198
AutoGen2308.08155v2_idea_ratings.json,deepseekv3,AutoGen: Enabling Next-Gen LLM Applications via Multi-Agent Conversation,autogenenablingnext-genllmapplicationsviamulti-agentconversation,multi_agent_task_decomposition,multiagenttaskdecomposition,Multi-Agent Task Decomposition for Complex Problem Solving with Large Language Models,4.15,revise,4.0,5.0,4.0,4.0,4.0,4.0,4.0,4.0,4.0,0.2240671810725198,0.7920410004601415,0.7759328189274802,0.7573749606253484,0.0,0.0,0.75,0.6221019625663757,0.48806828260421753,0.36931823939085,0.2240671810725198
AutoGen2308.08155v2_idea_ratings.json,deepseekv3,AutoGen: Enabling Next-Gen LLM Applications via Multi-Agent Conversation,autogenenablingnext-genllmapplicationsviamulti-agentconversation,multi_agent_memory_integration,multiagentmemoryintegration,Enhancing Multi-Agent LLM Systems with Integrated Memory Architectures,4.05,revise,4.0,2.0,5.0,5.0,5.0,4.0,4.0,4.0,4.0,0.2240671810725198,0.7920410004601415,0.7759328189274802,0.7573749606253484,0.0,0.0,0.75,0.6221019625663757,0.48806828260421753,0.36931823939085,0.2240671810725198
AutoGen2308.08155v2_idea_ratings.json,deepseekv3,AutoGen: Enabling Next-Gen LLM Applications via Multi-Agent Conversation,autogenenablingnext-genllmapplicationsviamulti-agentconversation,human_in_the_loop_multi_agent_system,humanintheloopmultiagentsystem,Enhancing Multi-Agent Systems with Human-in-the-Loop Feedback: A Novel Framework for Improved Task Coordination and Efficiency,3.65,revise,4.0,4.0,3.0,3.0,3.0,4.0,4.0,4.0,4.0,0.2240671810725198,0.7920410004601415,0.7759328189274802,0.7573749606253484,0.0,0.0,0.75,0.6221019625663757,0.48806828260421753,0.36931823939085,0.2240671810725198
AutoGen2308.08155v2_idea_ratings.json,deepseekv3,AutoGen: Enabling Next-Gen LLM Applications via Multi-Agent Conversation,autogenenablingnext-genllmapplicationsviamulti-agentconversation,multi_agent_task_specialization,multiagenttaskspecialization,Enhancing Multi-Agent LLM Systems through Dynamic Task Specialization,4.0,revise,4.0,4.0,4.0,4.0,4.0,4.0,4.0,4.0,4.0,0.2240671810725198,0.7920410004601415,0.7759328189274802,0.7573749606253484,0.0,0.0,0.75,0.6221019625663757,0.48806828260421753,0.36931823939085,0.2240671810725198
Gaussian1502.01366v2_idea_ratings.json,deepseekv3,Gaussian Approximation Potentials: a brief tutorial,gaussianapproximationpotentialsabrieftutorial,gap_phonon_transport,gapphonontransport,Exploring Anisotropic Phonon Transport in Layered Materials Using Gaussian Approximation Potentials (GAP),4.2,accept,4.0,3.0,5.0,5.0,5.0,3.0,4.0,5.0,5.0,,,,,,,,,,,
Gaussian1502.01366v2_idea_ratings.json,deepseekv3,Gaussian Approximation Potentials: a brief tutorial,gaussianapproximationpotentialsabrieftutorial,gap_thermal_properties,gapthermalproperties,Exploring Thermal Properties of Novel Two-Dimensional Materials Using Gaussian Approximation Potentials,4.2,accept,4.0,3.0,5.0,5.0,5.0,3.0,4.0,5.0,5.0,,,,,,,,,,,
Gaussian1502.01366v2_idea_ratings.json,deepseekv3,Gaussian Approximation Potentials: a brief tutorial,gaussianapproximationpotentialsabrieftutorial,gap_thermal_properties_2,gapthermalproperties2,Exploring Thermal Properties of Novel Two-Dimensional Materials Using Gaussian Approximation Potentials,2.95,reject,4.0,3.0,2.0,2.0,2.0,3.0,3.0,3.0,5.0,,,,,,,,,,,
Gaussian1502.01366v2_idea_ratings.json,deepseekv3,Gaussian Approximation Potentials: a brief tutorial,gaussianapproximationpotentialsabrieftutorial,gaussian_approximation_diffusion_acceleration,gaussianapproximationdiffusionacceleration,Accelerating Diffusion Models via Gaussian Score Approximation,3.8,revise,5.0,3.0,4.0,3.0,3.0,3.0,4.0,5.0,4.0,,,,,,,,,,,
Gaussian1502.01366v2_idea_ratings.json,deepseekv3,Gaussian Approximation Potentials: a brief tutorial,gaussianapproximationpotentialsabrieftutorial,active_learning_gap,activelearninggap,Active Learning for Gaussian Approximation Potentials (GAP) in Multi-Component Materials,4.5,accept,4.0,5.0,5.0,5.0,5.0,3.0,4.0,5.0,5.0,,,,,,,,,,,
Economics1804.05785v2_idea_ratings.json,deepseekv3,Estimating Dynamic Treatment Effects in Event Studies with Heterogeneous Treatment Effects,estimatingdynamictreatmenteffectsineventstudieswithheterogeneoustreatmenteffects,dynamic_treatment_effects_local_projections,dynamictreatmenteffectslocalprojections,Estimating Dynamic Treatment Effects in Event Studies Using Local Projections,4.35,revise,4.0,5.0,5.0,4.0,4.0,4.0,4.0,4.0,5.0,0.5047859226805382,0.5099468254677522,0.4952140773194617,0.4857804969911784,0.0,0.0,0.725,0.5752277970314026,0.5181006193161011,0.38783904910087585,0.5047859226805382
Economics1804.05785v2_idea_ratings.json,deepseekv3,Estimating Dynamic Treatment Effects in Event Studies with Heterogeneous Treatment Effects,estimatingdynamictreatmenteffectsineventstudieswithheterogeneoustreatmenteffects,dynamic_treatment_effects_causal_graphs,dynamictreatmenteffectscausalgraphs,Estimating Dynamic Treatment Effects Using Causal Graphs in Event Studies,3.7,revise,4.0,4.0,4.0,3.0,3.0,3.0,4.0,3.0,5.0,0.5047859226805382,0.5099468254677522,0.4952140773194617,0.4857804969911784,0.0,0.0,0.725,0.5752277970314026,0.5181006193161011,0.38783904910087585,0.5047859226805382
Economics1804.05785v2_idea_ratings.json,deepseekv3,Estimating Dynamic Treatment Effects in Event Studies with Heterogeneous Treatment Effects,estimatingdynamictreatmenteffectsineventstudieswithheterogeneoustreatmenteffects,dynamic_treatment_effects_rl,dynamictreatmenteffectsrl,Reinforcement Learning for Optimal Dynamic Treatment Regimes with Time-Varying Confounders,3.25,revise,4.0,2.0,3.0,3.0,3.0,3.0,4.0,4.0,4.0,0.5047859226805382,0.5099468254677522,0.4952140773194617,0.4857804969911784,0.0,0.0,0.725,0.5752277970314026,0.5181006193161011,0.38783904910087585,0.5047859226805382
Economics1804.05785v2_idea_ratings.json,deepseekv3,Estimating Dynamic Treatment Effects in Event Studies with Heterogeneous Treatment Effects,estimatingdynamictreatmenteffectsineventstudieswithheterogeneoustreatmenteffects,heterogeneous_baseline_trends,heterogeneousbaselinetrends,Estimating Dynamic Treatment Effects with Heterogeneous Baseline Trends in Event Studies,4.2,accept,4.0,5.0,4.0,4.0,4.0,4.0,4.0,4.0,5.0,0.5047859226805382,0.5099468254677522,0.4952140773194617,0.4857804969911784,0.0,0.0,0.725,0.5752277970314026,0.5181006193161011,0.38783904910087585,0.5047859226805382
Self-RAG2310.11511v1_idea_ratings.json,deepseekv3,"SELF-RAG: Learning to Retrieve, Generate, and Critique through Self-Reflection",self-raglearningtoretrievegenerateandcritiquethroughself-reflection,dynamic_rag,dynamicrag,Dynamic Retrieval-Augmented Generation with Adaptive Query Refinement,3.75,revise,5.0,5.0,3.0,3.0,3.0,2.0,3.0,4.0,5.0,0.24155110188420592,0.7934245410327507,0.7584488981157941,0.7429400411641962,0.0,0.0,0.0,0.7595124244689941,0.7040720582008362,0.6673959195613861,0.24155110188420592
Self-RAG2310.11511v1_idea_ratings.json,deepseekv3,"SELF-RAG: Learning to Retrieve, Generate, and Critique through Self-Reflection",self-raglearningtoretrievegenerateandcritiquethroughself-reflection,self_rag_cost_efficiency,selfragcostefficiency,Enhancing Cost Efficiency in Self-Reflective Retrieval-Augmented Generation Models,4.4,accept,4.0,5.0,4.0,4.0,4.0,5.0,5.0,4.0,5.0,0.24155110188420592,0.7934245410327507,0.7584488981157941,0.7429400411641962,0.0,0.0,0.0,0.7595124244689941,0.7040720582008362,0.6673959195613861,0.24155110188420592
Self-RAG2310.11511v1_idea_ratings.json,deepseekv3,"SELF-RAG: Learning to Retrieve, Generate, and Critique through Self-Reflection",self-raglearningtoretrievegenerateandcritiquethroughself-reflection,self_rag_cost_efficiency_02,selfragcostefficiency02,Enhancing Cost Efficiency in Self-Reflective Retrieval-Augmented Generation Models,4.4,accept,4.0,5.0,4.0,4.0,4.0,5.0,5.0,4.0,5.0,0.24155110188420592,0.7934245410327507,0.7584488981157941,0.7429400411641962,0.0,0.0,0.0,0.7595124244689941,0.7040720582008362,0.6673959195613861,0.24155110188420592
Self-RAG2310.11511v1_idea_ratings.json,deepseekv3,"SELF-RAG: Learning to Retrieve, Generate, and Critique through Self-Reflection",self-raglearningtoretrievegenerateandcritiquethroughself-reflection,self_rag_cost_efficiency_03,selfragcostefficiency03,Enhancing Cost Efficiency in Self-Reflective Retrieval-Augmented Generation Models,4.4,accept,4.0,5.0,4.0,4.0,4.0,5.0,5.0,4.0,5.0,0.24155110188420592,0.7934245410327507,0.7584488981157941,0.7429400411641962,0.0,0.0,0.0,0.7595124244689941,0.7040720582008362,0.6673959195613861,0.24155110188420592
Self-RAG2310.11511v1_idea_ratings.json,deepseekv3,"SELF-RAG: Learning to Retrieve, Generate, and Critique through Self-Reflection",self-raglearningtoretrievegenerateandcritiquethroughself-reflection,dynamic_rag_routing,dynamicragrouting,Dynamic RAG Routing with Model-Aware Query Classification,4.3,accept,4.0,5.0,4.0,3.0,4.0,5.0,5.0,4.0,5.0,0.24155110188420592,0.7934245410327507,0.7584488981157941,0.7429400411641962,0.0,0.0,0.0,0.7595124244689941,0.7040720582008362,0.6673959195613861,0.24155110188420592
Self-Consistency2203.11171v4_idea_ratings.json,llama3.1,Self-Consistency Improves Chain-of-Thought Reasoning in Language Models,self-consistencyimproveschain-of-thoughtreasoninginlanguagemodels,llm_building_regulations,llmbuildingregulations,Evaluating Large Language Models for Automating Building Regulations Compliance Checking,3.6,revise,3.0,4.0,4.0,4.0,3.0,3.0,4.0,4.0,4.0,,,,,,,,,,,
Self-Consistency2203.11171v4_idea_ratings.json,llama3.1,Self-Consistency Improves Chain-of-Thought Reasoning in Language Models,self-consistencyimproveschain-of-thoughtreasoninginlanguagemodels,adversarial_cot,adversarialcot,Adversarial Attacks on Chain-of-Thought Reasoning in Language Models,4.0,revise,4.0,5.0,4.0,4.0,4.0,3.0,4.0,4.0,3.0,,,,,,,,,,,
Self-Consistency2203.11171v4_idea_ratings.json,llama3.1,Self-Consistency Improves Chain-of-Thought Reasoning in Language Models,self-consistencyimproveschain-of-thoughtreasoninginlanguagemodels,neural_symbolic_integration_for_reasoning,neuralsymbolicintegrationforreasoning,Neural-Symbolic Integration for Reasoning in Language Models: A Study on Complex Question Answering,3.5,revise,4.0,3.0,3.0,4.0,3.0,3.0,4.0,4.0,4.0,,,,,,,,,,,
Self-Consistency2203.11171v4_idea_ratings.json,llama3.1,Self-Consistency Improves Chain-of-Thought Reasoning in Language Models,self-consistencyimproveschain-of-thoughtreasoninginlanguagemodels,concept_based_llm_explainability,conceptbasedllmexplainability,Explaining Large Language Model Predictions through Concept-Based Analysis,3.4,revise,4.0,3.0,4.0,3.0,3.0,3.0,3.0,3.0,4.0,,,,,,,,,,,
Decision Transformer2106.01345v2_idea_ratings.json,llama3.1,Decision Transformer: Reinforcement Learning via Sequence Modeling,decisiontransformerreinforcementlearningviasequencemodeling,idea_01,idea01,Graph-Based Multi-Agent Reinforcement Learning with Transformer Architecture,2.9,reject,4.0,1.0,3.0,2.0,2.0,3.0,4.0,3.0,5.0,0.4151437957880721,0.6992838583853727,0.5848562042119279,0.5680668534816997,0.0,0.0,0.95,0.5666581094264984,0.43227490186691286,0.35189433097839357,0.4151437957880721
Decision Transformer2106.01345v2_idea_ratings.json,llama3.1,Decision Transformer: Reinforcement Learning via Sequence Modeling,decisiontransformerreinforcementlearningviasequencemodeling,multimodal_sequence_modeling,multimodalsequencemodeling,Multimodal Sequence Modeling for Offline Reinforcement Learning,3.9,revise,5.0,4.0,3.0,3.0,4.0,2.0,5.0,4.0,5.0,0.4151437957880721,0.6992838583853727,0.5848562042119279,0.5680668534816997,0.0,0.0,0.95,0.5666581094264984,0.43227490186691286,0.35189433097839357,0.4151437957880721
Decision Transformer2106.01345v2_idea_ratings.json,llama3.1,Decision Transformer: Reinforcement Learning via Sequence Modeling,decisiontransformerreinforcementlearningviasequencemodeling,cognitive_architectures_for_rl,cognitivearchitecturesforrl,Cognitive Architectures for Reinforcement Learning: Integrating Symbolic and Subsymbolic AI,3.55,reject,5.0,1.0,3.0,4.0,3.0,4.0,4.0,4.0,5.0,0.4151437957880721,0.6992838583853727,0.5848562042119279,0.5680668534816997,0.0,0.0,0.95,0.5666581094264984,0.43227490186691286,0.35189433097839357,0.4151437957880721
Kalman-Filter0901.3725v1_idea_ratings.json,llama3.1,Title: A Brief Tutorial on the Ensemble Kalman Filter,titleabrieftutorialontheensemblekalmanfilter,non_gaussian_enkf,nongaussianenkf,Robust Ensemble Kalman Filter for Non-Gaussian Distributions,3.55,revise,3.0,5.0,3.0,3.0,3.0,3.0,4.0,4.0,5.0,,,,,,,,,,,
Kalman-Filter0901.3725v1_idea_ratings.json,llama3.1,Title: A Brief Tutorial on the Ensemble Kalman Filter,titleabrieftutorialontheensemblekalmanfilter,kalman_transfer_learning,kalmantransferlearning,Kalman Filter-Based Transfer Learning for Domain Adaptation,3.25,revise,3.0,2.0,4.0,4.0,3.0,3.0,3.0,4.0,5.0,,,,,,,,,,,
Tree-of-Thoughts2305.10601v2_idea_ratings.json,llama3.1,Tree of Thoughts: Deliberate Problem Solving with Large Language Models,treeofthoughtsdeliberateproblemsolvingwithlargelanguagemodels,llm_reasoning_search,llmreasoningsearch,Self-Guided Exploration of Solution Space for Large Language Models,4.0,revise,4.0,5.0,4.0,4.0,3.0,3.0,4.0,4.0,5.0,0.33493841728602686,0.6786870718094494,0.6650615827139732,0.6595144035693399,0.0,0.0,0.75,0.4946141839027404,0.48035974800586695,0.4571449011564254,0.33493841728602686
Tree-of-Thoughts2305.10601v2_idea_ratings.json,llama3.1,Tree of Thoughts: Deliberate Problem Solving with Large Language Models,treeofthoughtsdeliberateproblemsolvingwithlargelanguagemodels,llm_cognitive_architectures,llmcognitivearchitectures,"Cognitive Architectures for Large Language Models: Integrating Reasoning, Memory, and Learning",2.9,reject,3.0,3.0,2.0,3.0,2.0,3.0,4.0,3.0,4.0,0.33493841728602686,0.6786870718094494,0.6650615827139732,0.6595144035693399,0.0,0.0,0.75,0.4946141839027404,0.48035974800586695,0.4571449011564254,0.33493841728602686
ReAct2210.03629v3_idea_ratings.json,llama3.1,Title: ReAct: Synergizing Reasoning and Acting in Language Models,titlereactsynergizingreasoningandactinginlanguagemodels,embodied_reasoning,embodiedreasoning,Embodied Reasoning in Large Language Models for Decision-Making and Control,3.55,revise,4.0,4.0,3.0,3.0,3.0,3.0,4.0,4.0,4.0,,,,,,,,,,,
ReAct2210.03629v3_idea_ratings.json,llama3.1,Title: ReAct: Synergizing Reasoning and Acting in Language Models,titlereactsynergizingreasoningandactinginlanguagemodels,neural_symbolic_integration_for_explainable_decision_making,neuralsymbolicintegrationforexplainabledecisionmaking,Neural-Symbolic Integration for Explainable Decision-Making in Critical Domains,3.6,revise,3.0,3.0,4.0,4.0,4.0,3.0,4.0,4.0,5.0,,,,,,,,,,,
ReAct2210.03629v3_idea_ratings.json,llama3.1,Title: ReAct: Synergizing Reasoning and Acting in Language Models,titlereactsynergizingreasoningandactinginlanguagemodels,adversarial_attacks_on_embodied_language_models,adversarialattacksonembodiedlanguagemodels,Adversarial Attacks on Embodied Language Models: A New Frontier in AI Security,3.9,revise,4.0,4.0,4.0,4.0,4.0,3.0,5.0,4.0,2.0,,,,,,,,,,,
Toolformer2302.04761v1_idea_ratings.json,llama3.1,Toolformer: Language Models Can Teach Themselves to Use Tools&#x20;,toolformerlanguagemodelscanteachthemselvestousetoolsx20,self_supervised_api_usage,selfsupervisedapiusage,Self-Supervised Learning of API Usage in Language Models,4.4,accept,4.0,5.0,4.0,5.0,5.0,4.0,4.0,5.0,4.0,,,,,,,,,,,
Toolformer2302.04761v1_idea_ratings.json,llama3.1,Toolformer: Language Models Can Teach Themselves to Use Tools&#x20;,toolformerlanguagemodelscanteachthemselvestousetoolsx20,embodied_language_learning,embodiedlanguagelearning,Embodied Language Learning through Interactive Simulation,3.15,reject,2.0,3.0,2.0,5.0,5.0,3.0,3.0,5.0,3.0,,,,,,,,,,,
Toolformer2302.04761v1_idea_ratings.json,llama3.1,Toolformer: Language Models Can Teach Themselves to Use Tools&#x20;,toolformerlanguagemodelscanteachthemselvestousetoolsx20,meta_api_usage,metaapiusage,Meta-Learning for Adaptive API Usage in Language Models,4.15,revise,4.0,4.0,4.0,5.0,5.0,3.0,4.0,5.0,4.0,,,,,,,,,,,
Toolformer2302.04761v1_idea_ratings.json,llama3.1,Toolformer: Language Models Can Teach Themselves to Use Tools&#x20;,toolformerlanguagemodelscanteachthemselvestousetoolsx20,llm_mathematical_discovery,llmmathematicaldiscovery,Unlocking Mathematical Discovery with Large Language Models,3.7,revise,3.0,3.0,4.0,5.0,4.0,3.0,4.0,5.0,4.0,,,,,,,,,,,
Toolformer2302.04761v1_idea_ratings.json,llama3.1,Toolformer: Language Models Can Teach Themselves to Use Tools&#x20;,toolformerlanguagemodelscanteachthemselvestousetoolsx20,cognitive_bias_for_agi,cognitivebiasforagi,Cognitive Bias for Artificial General Intelligence: A Neuro-Symbolic Approach,2.9,reject,2.0,3.0,2.0,3.0,4.0,3.0,4.0,4.0,3.0,,,,,,,,,,,
GNNExplaine1903.03894v4_idea_ratings.json,llama3.1,GNNExplainer: Generating Explanations for Graph Neural Networks,gnnexplainergeneratingexplanationsforgraphneuralnetworks,gnn_explainability,gnnexplainability,Unveiling the Black Box: A Novel Approach to Graph Neural Network Explainability,3.8,revise,4.0,5.0,3.0,4.0,3.0,3.0,4.0,4.0,4.0,0.48114861101318096,0.5568927668425223,0.5188513889868192,0.48914430947793086,0.0,0.0,0.4133333333333333,0.6345928192138672,0.5828126430511474,0.45399258136749265,0.48114861101318096
GNNExplaine1903.03894v4_idea_ratings.json,llama3.1,GNNExplainer: Generating Explanations for Graph Neural Networks,gnnexplainergeneratingexplanationsforgraphneuralnetworks,multimodal_knowledge_graph_embedding,multimodalknowledgegraphembedding,Multimodal Knowledge Graph Embedding with Graph Neural Networks,3.8,revise,5.0,2.0,4.0,4.0,4.0,4.0,3.0,4.0,4.0,0.48114861101318096,0.5568927668425223,0.5188513889868192,0.48914430947793086,0.0,0.0,0.4133333333333333,0.6345928192138672,0.5828126430511474,0.45399258136749265,0.48114861101318096
GNNExplaine1903.03894v4_idea_ratings.json,llama3.1,GNNExplainer: Generating Explanations for Graph Neural Networks,gnnexplainergeneratingexplanationsforgraphneuralnetworks,neurosymbolic_graph_reasoning,neurosymbolicgraphreasoning,Neuro-Symbolic Graph Reasoning with Probabilistic Inductive Logic Programming,3.8,revise,5.0,3.0,3.0,4.0,4.0,4.0,3.0,4.0,4.0,0.48114861101318096,0.5568927668425223,0.5188513889868192,0.48914430947793086,0.0,0.0,0.4133333333333333,0.6345928192138672,0.5828126430511474,0.45399258136749265,0.48114861101318096
GNNExplaine1903.03894v4_idea_ratings.json,llama3.1,GNNExplainer: Generating Explanations for Graph Neural Networks,gnnexplainergeneratingexplanationsforgraphneuralnetworks,gnn_robustness_explainability,gnnrobustnessexplainability,Exploring the Interplay between Adversarial Robustness and Explainability in Graph Neural Networks,3.6,revise,3.0,5.0,4.0,3.0,3.0,3.0,4.0,4.0,3.0,0.48114861101318096,0.5568927668425223,0.5188513889868192,0.48914430947793086,0.0,0.0,0.4133333333333333,0.6345928192138672,0.5828126430511474,0.45399258136749265,0.48114861101318096
Consistency-Models2303.01469v2_idea_ratings.json,llama3.1,Consistency Models,consistencymodels,one_step_generative_modeling,onestepgenerativemodeling,One-Step Generative Modeling via Characteristic Learning and Probability Flow ODEs,4.85,revise,5.0,5.0,4.0,5.0,5.0,5.0,5.0,5.0,5.0,0.3778905597920301,0.6537375691974118,0.6221094402079699,0.5912936293271941,0.0,0.0,0.575,0.5210886299610138,0.4448724836111069,0.3128397911787033,0.3778905597920301
Consistency-Models2303.01469v2_idea_ratings.json,llama3.1,Consistency Models,consistencymodels,temporal_consistency_generative_modeling,temporalconsistencygenerativemodeling,Temporal Consistency in Generative Modeling with Dynamic Constraints,3.9,revise,4.0,3.0,3.0,5.0,5.0,3.0,4.0,5.0,5.0,0.3778905597920301,0.6537375691974118,0.6221094402079699,0.5912936293271941,0.0,0.0,0.575,0.5210886299610138,0.4448724836111069,0.3128397911787033,0.3778905597920301
Consistency-Models2303.01469v2_idea_ratings.json,llama3.1,Consistency Models,consistencymodels,temporal_consistency_diffusion,temporalconsistencydiffusion,Temporal Consistency in Diffusion Models for Dynamic Scene Generation,4.2,revise,5.0,3.0,3.0,5.0,5.0,4.0,4.0,5.0,5.0,0.3778905597920301,0.6537375691974118,0.6221094402079699,0.5912936293271941,0.0,0.0,0.575,0.5210886299610138,0.4448724836111069,0.3128397911787033,0.3778905597920301
Consistency-Models2303.01469v2_idea_ratings.json,llama3.1,Consistency Models,consistencymodels,probabilistic_circuits_neural_odes,probabilisticcircuitsneuralodes,Probabilistic Circuits meet Neural ODEs: A Novel Framework for Generative Modeling,4.5,accept,5.0,4.0,4.0,5.0,5.0,4.0,4.0,5.0,5.0,0.3778905597920301,0.6537375691974118,0.6221094402079699,0.5912936293271941,0.0,0.0,0.575,0.5210886299610138,0.4448724836111069,0.3128397911787033,0.3778905597920301
Consistency-Models2303.01469v2_idea_ratings.json,llama3.1,Consistency Models,consistencymodels,dynamic_probabilistic_circuits,dynamicprobabilisticcircuits,Dynamic Probabilistic Circuits for Image Generation with Spatiotemporal Constraints,4.15,revise,4.0,3.0,4.0,5.0,5.0,4.0,4.0,5.0,5.0,0.3778905597920301,0.6537375691974118,0.6221094402079699,0.5912936293271941,0.0,0.0,0.575,0.5210886299610138,0.4448724836111069,0.3128397911787033,0.3778905597920301
AutoGen2308.08155v2_idea_ratings.json,llama3.1,AutoGen: Enabling Next-Gen LLM Applications via Multi-Agent Conversation,autogenenablingnext-genllmapplicationsviamulti-agentconversation,llm_multi_agent_conversation,llmmultiagentconversation,Exploring the Potential of Multi-Agent Conversations for LLM Applications,3.6,revise,3.0,5.0,4.0,3.0,3.0,3.0,4.0,4.0,3.0,0.24285425457738316,0.8036228864709135,0.7571457454226168,0.7183751048192949,0.0,0.0,0.8083333333333332,0.3242874393860499,0.2319341649611791,0.15480027844508484,0.24285425457738316
AutoGen2308.08155v2_idea_ratings.json,llama3.1,AutoGen: Enabling Next-Gen LLM Applications via Multi-Agent Conversation,autogenenablingnext-genllmapplicationsviamulti-agentconversation,multi_agent_rag_tool_use,multiagentragtooluse,Evaluating Multi-Agent Systems for Retrieval-Augmented Generation (RAG) Tool Use,4.05,revise,4.0,5.0,4.0,4.0,4.0,3.0,4.0,4.0,4.0,0.24285425457738316,0.8036228864709135,0.7571457454226168,0.7183751048192949,0.0,0.0,0.8083333333333332,0.3242874393860499,0.2319341649611791,0.15480027844508484,0.24285425457738316
AutoGen2308.08155v2_idea_ratings.json,llama3.1,AutoGen: Enabling Next-Gen LLM Applications via Multi-Agent Conversation,autogenenablingnext-genllmapplicationsviamulti-agentconversation,meta_learning_for_multi_agent_systems,metalearningformultiagentsystems,Meta-Learning for Multi-Agent Systems: A Survey and Future Directions,3.6,revise,3.0,4.0,5.0,2.0,3.0,4.0,3.0,4.0,5.0,0.24285425457738316,0.8036228864709135,0.7571457454226168,0.7183751048192949,0.0,0.0,0.8083333333333332,0.3242874393860499,0.2319341649611791,0.15480027844508484,0.24285425457738316
AutoGen2308.08155v2_idea_ratings.json,llama3.1,AutoGen: Enabling Next-Gen LLM Applications via Multi-Agent Conversation,autogenenablingnext-genllmapplicationsviamulti-agentconversation,conversational_decision_making,conversationaldecisionmaking,Conversational Decision Making with Large Language Models and Human Oversight,3.75,revise,3.0,5.0,4.0,4.0,3.0,3.0,4.0,4.0,4.0,0.24285425457738316,0.8036228864709135,0.7571457454226168,0.7183751048192949,0.0,0.0,0.8083333333333332,0.3242874393860499,0.2319341649611791,0.15480027844508484,0.24285425457738316
Economics1804.05785v2 - llama3.1_idea_ratings.json,llama3.1,Estimating Dynamic Treatment Effects in Event Studies with Heterogeneous Treatment Effects,estimatingdynamictreatmenteffectsineventstudieswithheterogeneoustreatmenteffects,heterogeneous_treatment_effects_with_machine_learning,heterogeneoustreatmenteffectswithmachinelearning,Estimating Heterogeneous Treatment Effects with Machine Learning,2.85,reject,3.0,3.0,4.0,1.0,2.0,2.0,4.0,1.0,5.0,0.4235053042117345,0.6613091833153303,0.5764946957882654,0.4826859434604249,0.0,0.0,0.7777777777777777,0.5300581653912863,0.43387459218502045,0.26897446314493817,0.4235053042117345
Economics1804.05785v2 - llama3.1_idea_ratings.json,llama3.1,Estimating Dynamic Treatment Effects in Event Studies with Heterogeneous Treatment Effects,estimatingdynamictreatmenteffectsineventstudieswithheterogeneoustreatmenteffects,machine_learning_for_staggered_adoption_heterogeneous_treatment_effects,machinelearningforstaggeredadoptionheterogeneoustreatmenteffects,Machine Learning for Estimating Heterogeneous Treatment Effects with Staggered Adoption,3.0,reject,3.0,3.0,3.0,2.0,2.0,3.0,4.0,3.0,5.0,0.4235053042117345,0.6613091833153303,0.5764946957882654,0.4826859434604249,0.0,0.0,0.7777777777777777,0.5300581653912863,0.43387459218502045,0.26897446314493817,0.4235053042117345
Economics1804.05785v2 - llama3.1_idea_ratings.json,llama3.1,Estimating Dynamic Treatment Effects in Event Studies with Heterogeneous Treatment Effects,estimatingdynamictreatmenteffectsineventstudieswithheterogeneoustreatmenteffects,machine_learning_for_dynamic_treatment_effects,machinelearningfordynamictreatmenteffects,Estimating Dynamic Treatment Effects with Machine Learning: A Convex Average Approach,3.2,revise,4.0,3.0,3.0,2.0,2.0,3.0,4.0,3.0,5.0,0.4235053042117345,0.6613091833153303,0.5764946957882654,0.4826859434604249,0.0,0.0,0.7777777777777777,0.5300581653912863,0.43387459218502045,0.26897446314493817,0.4235053042117345
Economics1804.05785v2 - llama3.1_idea_ratings.json,llama3.1,Estimating Dynamic Treatment Effects in Event Studies with Heterogeneous Treatment Effects,estimatingdynamictreatmenteffectsineventstudieswithheterogeneoustreatmenteffects,causal_inference_with_staggered_adoption,causalinferencewithstaggeredadoption,Causal Inference with Staggered Adoption: A Machine Learning Approach for Estimating Heterogeneous Treatment Effects,3.2,revise,4.0,3.0,3.0,2.0,2.0,3.0,4.0,3.0,5.0,0.4235053042117345,0.6613091833153303,0.5764946957882654,0.4826859434604249,0.0,0.0,0.7777777777777777,0.5300581653912863,0.43387459218502045,0.26897446314493817,0.4235053042117345
Gaussian1502.01366v2_idea_ratings.json,llama3.1,Gaussian Approximation Potentials: a brief tutorial,gaussianapproximationpotentialsabrieftutorial,symmetry_aware_gpr,symmetryawaregpr,Symmetry-Aware Gaussian Process Regression for Materials Science,4.15,revise,5.0,5.0,3.0,4.0,3.0,4.0,4.0,4.0,5.0,,,,,,,,,,,
Gaussian1502.01366v2_idea_ratings.json,llama3.1,Gaussian Approximation Potentials: a brief tutorial,gaussianapproximationpotentialsabrieftutorial,transfer_learning_gpr,transferlearninggpr,Transfer Learning for Gaussian Process Regression in Materials Science,4.0,revise,5.0,4.0,3.0,4.0,3.0,4.0,4.0,4.0,5.0,,,,,,,,,,,
Gaussian1502.01366v2_idea_ratings.json,llama3.1,Gaussian Approximation Potentials: a brief tutorial,gaussianapproximationpotentialsabrieftutorial,uncertainty_quantification_in_materials_science,uncertaintyquantificationinmaterialsscience,Uncertainty Quantification in Materials Science with Limited Data using Bayesian Neural Networks,3.75,revise,3.0,4.0,4.0,4.0,4.0,4.0,3.0,4.0,5.0,,,,,,,,,,,
Gaussian1502.01366v2_idea_ratings.json,llama3.1,Gaussian Approximation Potentials: a brief tutorial,gaussianapproximationpotentialsabrieftutorial,interpretable_ml_materials,interpretablemlmaterials,Interpretable Machine Learning for Materials Science: A Feature-Assisted Approach,3.55,revise,3.0,4.0,4.0,4.0,3.0,3.0,3.0,4.0,5.0,,,,,,,,,,,
Gaussian1502.01366v2_idea_ratings.json,llama3.1,Gaussian Approximation Potentials: a brief tutorial,gaussianapproximationpotentialsabrieftutorial,mol_prop_pred_with_grammar_induced_geometry,molproppredwithgrammarinducedgeometry,Hierarchical Grammar-Induced Geometry for Data-Efficient Molecular Property Prediction,3.65,revise,4.0,3.0,3.0,4.0,4.0,4.0,3.0,4.0,5.0,,,,,,,,,,,
Self-RAG2310.11511v1_idea_ratings.json,llama3.1,"SELF-RAG: Learning to Retrieve, Generate, and Critique Through Self-Reflection",self-raglearningtoretrievegenerateandcritiquethroughself-reflection,idea_01,idea01,,3.25,revise,3.0,3.0,4.0,3.0,3.0,3.0,3.0,3.0,5.0,0.24716222706432794,0.816089630228239,0.7528377729356721,0.7387368496612453,0.0,0.0,0.44000000000000006,0.6013196527957916,0.4952224552631378,0.39365960955619805,0.24716222706432794
Self-RAG2310.11511v1_idea_ratings.json,llama3.1,"SELF-RAG: Learning to Retrieve, Generate, and Critique Through Self-Reflection",self-raglearningtoretrievegenerateandcritiquethroughself-reflection,self_rag,selfrag,"SELF-RAG: Learning to Retrieve, Generate, and Critique Through Self-Reflection",4.35,accept,5.0,5.0,4.0,4.0,4.0,4.0,4.0,4.0,4.0,0.24716222706432794,0.816089630228239,0.7528377729356721,0.7387368496612453,0.0,0.0,0.44000000000000006,0.6013196527957916,0.4952224552631378,0.39365960955619805,0.24716222706432794
Self-RAG2310.11511v1_idea_ratings.json,llama3.1,"SELF-RAG: Learning to Retrieve, Generate, and Critique Through Self-Reflection",self-raglearningtoretrievegenerateandcritiquethroughself-reflection,meta_rag,metarag,Meta-Learning for Adaptive Retrieval-Augmented Generation,3.55,revise,4.0,4.0,3.0,3.0,3.0,3.0,4.0,3.0,5.0,0.24716222706432794,0.816089630228239,0.7528377729356721,0.7387368496612453,0.0,0.0,0.44000000000000006,0.6013196527957916,0.4952224552631378,0.39365960955619805,0.24716222706432794
Self-RAG2310.11511v1_idea_ratings.json,llama3.1,"SELF-RAG: Learning to Retrieve, Generate, and Critique Through Self-Reflection",self-raglearningtoretrievegenerateandcritiquethroughself-reflection,rag_robustness_to_adversarial_retrieval,ragrobustnesstoadversarialretrieval,Evaluating the Robustness of Retrieval-Augmented Generation to Adversarial Retrieval,3.7,revise,3.0,4.0,4.0,4.0,4.0,3.0,4.0,4.0,4.0,0.24716222706432794,0.816089630228239,0.7528377729356721,0.7387368496612453,0.0,0.0,0.44000000000000006,0.6013196527957916,0.4952224552631378,0.39365960955619805,0.24716222706432794
Self-RAG2310.11511v1_idea_ratings.json,llama3.1,"SELF-RAG: Learning to Retrieve, Generate, and Critique Through Self-Reflection",self-raglearningtoretrievegenerateandcritiquethroughself-reflection,neural_symbolic_retrieval_augmented_generation,neuralsymbolicretrievalaugmentedgeneration,Investigating the Potential of Neuro-Symbolic Architectures for Retrieval-Augmented Generation,3.4,revise,4.0,4.0,3.0,3.0,3.0,3.0,3.0,3.0,4.0,0.24716222706432794,0.816089630228239,0.7528377729356721,0.7387368496612453,0.0,0.0,0.44000000000000006,0.6013196527957916,0.4952224552631378,0.39365960955619805,0.24716222706432794
Self-Consistency2203.11171v4_idea_ratings.json,deepseekv2,Self-Consistency Improves Chain-of-Thought Reasoning in Language Models,self-consistencyimproveschain-of-thoughtreasoninginlanguagemodels,EnsembleConsistencyOptimization,ensembleconsistencyoptimization,Optimizing Ensemble Consistency for Enhanced Reasoning and Reliability in Language Models,3.75,revise,3.0,5.0,3.0,4.0,4.0,3.0,4.0,4.0,5.0,,,,,,,,,,,
Self-Consistency2203.11171v4_idea_ratings.json,deepseekv2,Self-Consistency Improves Chain-of-Thought Reasoning in Language Models,self-consistencyimproveschain-of-thoughtreasoninginlanguagemodels,ReinforcedCoTPathSelection,reinforcedcotpathselection,Dynamic Chain-of-Thought Path Selection with Reinforcement Learning for Enhanced Language Model Reasoning,3.85,revise,4.0,5.0,3.0,4.0,3.0,3.0,4.0,4.0,5.0,,,,,,,,,,,
Self-Consistency2203.11171v4_idea_ratings.json,deepseekv2,Self-Consistency Improves Chain-of-Thought Reasoning in Language Models,self-consistencyimproveschain-of-thoughtreasoninginlanguagemodels,MetaCoTAdaptation,metacotadaptation,Enhancing Language Model Reasoning with Meta-Learning for Adaptive Chain-of-Thought Prompting,3.75,revise,3.0,5.0,3.0,4.0,4.0,3.0,4.0,4.0,5.0,,,,,,,,,,,
Self-Consistency2203.11171v4_idea_ratings.json,deepseekv2,Self-Consistency Improves Chain-of-Thought Reasoning in Language Models,self-consistencyimproveschain-of-thoughtreasoninginlanguagemodels,CoTMetaFusion,cotmetafusion,Enhancing Chain-of-Thought Reasoning in Language Models through Cross-Task Meta-Fusion,3.95,revise,4.0,5.0,3.0,4.0,4.0,3.0,4.0,4.0,5.0,,,,,,,,,,,
Self-Consistency2203.11171v4_idea_ratings.json,deepseekv2,Self-Consistency Improves Chain-of-Thought Reasoning in Language Models,self-consistencyimproveschain-of-thoughtreasoninginlanguagemodels,CoTMultiVerse,cotmultiverse,Enhancing Chain-of-Thought Reasoning through Model Isolation and Ensemble Integration in a Multiverse Framework,3.4,revise,3.0,5.0,2.0,4.0,3.0,3.0,3.0,4.0,5.0,,,,,,,,,,,
Decision Transformer2106.01345v2_idea_ratings.json,deepseekv2,Decision Transformer: Reinforcement Learning via Sequence Modeling,decisiontransformerreinforcementlearningviasequencemodeling,SparseRewardTransformer,sparserewardtransformer,Optimizing Reinforcement Learning with Sparse Attention for Reward-Scarce Environments,4.25,accept,4.0,5.0,4.0,4.0,4.0,4.0,4.0,5.0,5.0,0.41694359991933616,0.6046764246706071,0.5830564000806638,0.582362252453771,0.0,0.0,0.8,0.37378625869750975,0.3068313956260681,0.21227307319641114,0.41694359991933616
Decision Transformer2106.01345v2_idea_ratings.json,deepseekv2,Decision Transformer: Reinforcement Learning via Sequence Modeling,decisiontransformerreinforcementlearningviasequencemodeling,TransformerRLPolicyOptimization,transformerrlpolicyoptimization,Optimizing Long-Horizon Policies with Transformer-Based Reinforcement Learning for Dynamic Systems,2.7,reject,3.0,3.0,2.0,2.0,2.0,2.0,4.0,3.0,4.0,0.41694359991933616,0.6046764246706071,0.5830564000806638,0.582362252453771,0.0,0.0,0.8,0.37378625869750975,0.3068313956260681,0.21227307319641114,0.41694359991933616
Decision Transformer2106.01345v2_idea_ratings.json,deepseekv2,Decision Transformer: Reinforcement Learning via Sequence Modeling,decisiontransformerreinforcementlearningviasequencemodeling,TemporalActionTransformer_refined,temporalactiontransformerrefined,Enhancing Reinforcement Learning with Temporal Action Transformer for Complex Dependency Environments,3.75,revise,3.0,4.0,4.0,4.0,4.0,3.0,4.0,4.0,5.0,0.41694359991933616,0.6046764246706071,0.5830564000806638,0.582362252453771,0.0,0.0,0.8,0.37378625869750975,0.3068313956260681,0.21227307319641114,0.41694359991933616
Decision Transformer2106.01345v2_idea_ratings.json,deepseekv2,Decision Transformer: Reinforcement Learning via Sequence Modeling,decisiontransformerreinforcementlearningviasequencemodeling,DynamicContextualRL,dynamiccontextualrl,Harnessing Dynamic Contextual Reinforcement Learning for Adaptive Resource Management Across Variable Environments,3.15,reject,3.0,3.0,3.0,3.0,3.0,3.0,4.0,4.0,3.0,0.41694359991933616,0.6046764246706071,0.5830564000806638,0.582362252453771,0.0,0.0,0.8,0.37378625869750975,0.3068313956260681,0.21227307319641114,0.41694359991933616
Kalman-Filter0901.3725v1_idea_ratings.json,deepseekv2,A Brief Tutorial on the Ensemble Kalman Filter,abrieftutorialontheensemblekalmanfilter,DeepLatentDA,deeplatentda,Leveraging Deep Learning for Efficient Latent Space Data Assimilation in High-Dimensional Systems,3.75,revise,4.0,4.0,4.0,3.0,3.0,3.0,4.0,4.0,5.0,,,,,,,,,,,
Tree-of-Thoughts2305.10601v2_idea_ratings.json,deepseekv2,Tree of Thoughts: Deliberate Problem Solving with Large Language Models,treeofthoughtsdeliberateproblemsolvingwithlargelanguagemodels,CTM_Integration,ctmintegration,Integrating Computational Thinking Paradigms into Large Language Models for Enhanced Complex Problem Solving,3.65,revise,4.0,5.0,3.0,3.0,3.0,2.0,4.0,4.0,5.0,0.3247476502290462,0.7002741083864729,0.6752523497709537,0.6627866094310009,0.0,0.0,0.86,0.2517247796058655,0.19583219289779663,0.1399148166179657,0.3247476502290462
Tree-of-Thoughts2305.10601v2_idea_ratings.json,deepseekv2,Tree of Thoughts: Deliberate Problem Solving with Large Language Models,treeofthoughtsdeliberateproblemsolvingwithlargelanguagemodels,LADAR_LLM,ladarllm,Large Language Model Adaptive Reasoning (LADAR) Framework for Dynamic Planning and Execution in Complex Environments,4.1,revise,4.0,5.0,4.0,4.0,4.0,3.0,4.0,4.0,5.0,0.3247476502290462,0.7002741083864729,0.6752523497709537,0.6627866094310009,0.0,0.0,0.86,0.2517247796058655,0.19583219289779663,0.1399148166179657,0.3247476502290462
ReAct2210.03629v3_idea_ratings.json,deepseekv2,ReAct: Synergizing Reasoning and Acting in Language Models,reactsynergizingreasoningandactinginlanguagemodels,ARIA,aria,Adaptive Response Integration Approach for AI in Healthcare,3.35,revise,4.0,2.0,3.0,4.0,3.0,3.0,4.0,5.0,3.0,0.28374616987653634,0.7359228891526826,0.7162538301234637,0.7032336482140783,0.0,0.0,0.9199999999999999,0.26396546959877015,0.197357577085495,0.13286112546920775,0.28374616987653634
ReAct2210.03629v3_idea_ratings.json,deepseekv2,ReAct: Synergizing Reasoning and Acting in Language Models,reactsynergizingreasoningandactinginlanguagemodels,REASONAID,reasonaid,Enhancing AI Healthcare Assistants through Integrative Reasoning and Action Sequencing for Informed Decision-Making,3.65,revise,5.0,3.0,3.0,4.0,2.0,3.0,4.0,5.0,4.0,0.28374616987653634,0.7359228891526826,0.7162538301234637,0.7032336482140783,0.0,0.0,0.9199999999999999,0.26396546959877015,0.197357577085495,0.13286112546920775,0.28374616987653634
ReAct2210.03629v3_idea_ratings.json,deepseekv2,ReAct: Synergizing Reasoning and Acting in Language Models,reactsynergizingreasoningandactinginlanguagemodels,HEAL-THYSELF,heal-thyself,Self-Evolutionary Adaptation and Learning for AI in Personalized Healthcare Trajectories,3.45,revise,5.0,2.0,3.0,4.0,2.0,3.0,4.0,5.0,3.0,0.28374616987653634,0.7359228891526826,0.7162538301234637,0.7032336482140783,0.0,0.0,0.9199999999999999,0.26396546959877015,0.197357577085495,0.13286112546920775,0.28374616987653634
Toolformer2302.04761v1_idea_ratings.json,deepseekv2,Toolformer: Language Models Can Teach Themselves to Use Tools&#x20;,toolformerlanguagemodelscanteachthemselvestousetoolsx20,AutoToolchain,autotoolchain,Efficient Multi-tool Chaining for Language Models through Reinforcement Learning,4.3,accept,5.0,5.0,3.0,4.0,4.0,4.0,5.0,4.0,4.0,,,,,,,,,,,
Toolformer2302.04761v1_idea_ratings.json,deepseekv2,Toolformer: Language Models Can Teach Themselves to Use Tools&#x20;,toolformerlanguagemodelscanteachthemselvestousetoolsx20,IterativeAPIRefiner,iterativeapirefiner,Enhancing Language Model Problem-Solving through Iterative API Refinement and Generalization,4.0,revise,4.0,5.0,3.0,4.0,4.0,4.0,4.0,4.0,4.0,,,,,,,,,,,
GNNExplaine1903.03894v4_idea_ratings.json,deepseekv2,GNNExplainer: Generating Explanations for Graph Neural Networks,gnnexplainergeneratingexplanationsforgraphneuralnetworks,GNNCognitiveLens,gnncognitivelens,A Pragmatic Approach to Decoding the Cognitive Architecture of Graph Neural Networks through Structural and Semantic Analysis,3.7,revise,3.0,5.0,4.0,3.0,3.0,3.0,4.0,4.0,5.0,0.5047045093675562,0.49529549063244377,0.49529549063244377,0.49529549063244377,0.0,0.0,1.0,0.0,0.0,0.0,0.5047045093675562
GNNExplaine1903.03894v4_idea_ratings.json,deepseekv2,GNNExplainer: Generating Explanations for Graph Neural Networks,gnnexplainergeneratingexplanationsforgraphneuralnetworks,GNNNarrativeBuilder,gnnnarrativebuilder,Crafting Dynamic Explanations for Graph Neural Networks through Interactive Storytelling and Causal Inference,3.35,revise,4.0,4.0,3.0,3.0,3.0,2.0,3.0,4.0,4.0,0.5047045093675562,0.49529549063244377,0.49529549063244377,0.49529549063244377,0.0,0.0,1.0,0.0,0.0,0.0,0.5047045093675562
GNNExplaine1903.03894v4_idea_ratings.json,deepseekv2,GNNExplainer: Generating Explanations for Graph Neural Networks,gnnexplainergeneratingexplanationsforgraphneuralnetworks,GNNCausalNexus,gnncausalnexus,Unveiling Causal Chains in Graph Neural Networks through Interaction-Driven Exploration and Attribution,3.9,revise,4.0,5.0,3.0,4.0,4.0,3.0,4.0,4.0,4.0,0.5047045093675562,0.49529549063244377,0.49529549063244377,0.49529549063244377,0.0,0.0,1.0,0.0,0.0,0.0,0.5047045093675562
GNNExplaine1903.03894v4_idea_ratings.json,deepseekv2,GNNExplainer: Generating Explanations for Graph Neural Networks,gnnexplainergeneratingexplanationsforgraphneuralnetworks,GNNInsightfulExplorer,gnninsightfulexplorer,Unveiling the Dynamics of Graph Neural Networks through Interactive Visualization and User-Centric Analysis,3.35,revise,3.0,4.0,4.0,3.0,3.0,2.0,3.0,4.0,5.0,0.5047045093675562,0.49529549063244377,0.49529549063244377,0.49529549063244377,0.0,0.0,1.0,0.0,0.0,0.0,0.5047045093675562
GNNExplaine1903.03894v4_idea_ratings.json,deepseekv2,GNNExplainer: Generating Explanations for Graph Neural Networks,gnnexplainergeneratingexplanationsforgraphneuralnetworks,GNNCausalCompass,gnncausalcompass,Guiding Interpretability in Graph Neural Networks through Interactive Causal Influence Mapping,3.9,revise,4.0,5.0,3.0,4.0,4.0,3.0,4.0,4.0,4.0,0.5047045093675562,0.49529549063244377,0.49529549063244377,0.49529549063244377,0.0,0.0,1.0,0.0,0.0,0.0,0.5047045093675562
Consistency-Models2303.01469v2_idea_ratings.json,deepseekv2,Consistency Models,consistencymodels,UniCoGen,unicogen,Unifying Consistency Generation for Efficient Multi-Modal Synthesis,4.0,revise,4.0,4.0,4.0,4.0,4.0,4.0,4.0,4.0,4.0,0.35694754105420634,0.6549443828687334,0.6430524589457937,0.618808426660664,0.0,0.0,0.8,0.27663912773132326,0.21633426696062089,0.19502921104431153,0.35694754105420634
Consistency-Models2303.01469v2_idea_ratings.json,deepseekv2,Consistency Models,consistencymodels,MultiConsistRefined,multiconsistrefined,Multiscale Consistency for Scalable and Adaptive Generative Modeling,3.55,revise,4.0,3.0,3.0,4.0,4.0,3.0,4.0,4.0,3.0,0.35694754105420634,0.6549443828687334,0.6430524589457937,0.618808426660664,0.0,0.0,0.8,0.27663912773132326,0.21633426696062089,0.19502921104431153,0.35694754105420634
Consistency-Models2303.01469v2_idea_ratings.json,deepseekv2,Consistency Models,consistencymodels,HarmonizedGenerativeODE,harmonizedgenerativeode,Enhancing One-Step Generation with Optimal Transport for Style and Semantic Consistency,3.55,revise,4.0,3.0,3.0,4.0,4.0,3.0,4.0,4.0,3.0,0.35694754105420634,0.6549443828687334,0.6430524589457937,0.618808426660664,0.0,0.0,0.8,0.27663912773132326,0.21633426696062089,0.19502921104431153,0.35694754105420634
Consistency-Models2303.01469v2_idea_ratings.json,deepseekv2,Consistency Models,consistencymodels,CrossConsistFusion,crossconsistfusion,Real-Time Multimodal Fusion with Cross-Consistency for Interactive Synthesis,3.15,reject,4.0,2.0,2.0,4.0,3.0,3.0,4.0,4.0,3.0,0.35694754105420634,0.6549443828687334,0.6430524589457937,0.618808426660664,0.0,0.0,0.8,0.27663912773132326,0.21633426696062089,0.19502921104431153,0.35694754105420634
Consistency-Models2303.01469v2_idea_ratings.json,deepseekv2,Consistency Models,consistencymodels,SyncGen_v2,syncgenv2,HarmonEyes: Real-Time Synchronized Multimodal Interaction for Immersive Experiences,2.95,reject,4.0,2.0,2.0,3.0,2.0,3.0,4.0,4.0,3.0,0.35694754105420634,0.6549443828687334,0.6430524589457937,0.618808426660664,0.0,0.0,0.8,0.27663912773132326,0.21633426696062089,0.19502921104431153,0.35694754105420634
AutoGen2308.08155v2_idea_ratings.json,deepseekv2,AutoGen: Enabling Next-Gen LLM Applications via Multi-Agent Conversation,autogenenablingnext-genllmapplicationsviamulti-agentconversation,AutoGenEnsemble,autogenensemble,Optimizing Multi-Agent Coordination in AutoGen Applications through Ensemble Learning Integration,3.2,reject,3.0,4.0,3.0,3.0,3.0,3.0,3.0,3.0,4.0,0.2433912331600181,0.7566087668399819,0.7566087668399819,0.7566087668399819,0.0,0.0,1.0,0.0,0.0,0.0,0.2433912331600181
AutoGen2308.08155v2_idea_ratings.json,deepseekv2,AutoGen: Enabling Next-Gen LLM Applications via Multi-Agent Conversation,autogenenablingnext-genllmapplicationsviamulti-agentconversation,AutoGenSymphony,autogensymphony,Harmonizing Multi-Agent Conversations with AutoGen through Automated Synthesis and Dynamic Optimization of Dialogue Flows,4.1,revise,4.0,5.0,4.0,4.0,4.0,3.0,4.0,4.0,5.0,0.2433912331600181,0.7566087668399819,0.7566087668399819,0.7566087668399819,0.0,0.0,1.0,0.0,0.0,0.0,0.2433912331600181
AutoGen2308.08155v2_idea_ratings.json,deepseekv2,AutoGen: Enabling Next-Gen LLM Applications via Multi-Agent Conversation,autogenenablingnext-genllmapplicationsviamulti-agentconversation,AutoGenCogniMesh,autogencognimesh,Incorporating Cognitive Network Dynamics for Enhanced Multi-Agent Collaborative Problem Solving in AutoGen Applications,3.9,revise,5.0,5.0,3.0,3.0,3.0,3.0,4.0,4.0,4.0,0.2433912331600181,0.7566087668399819,0.7566087668399819,0.7566087668399819,0.0,0.0,1.0,0.0,0.0,0.0,0.2433912331600181
AutoGen2308.08155v2_idea_ratings.json,deepseekv2,AutoGen: Enabling Next-Gen LLM Applications via Multi-Agent Conversation,autogenenablingnext-genllmapplicationsviamulti-agentconversation,AutoGenSymbioticNet,autogensymbioticnet,Leveraging Coevolutionary Optimization for Enhanced Inter-agent Learning in AutoGen Applications,3.9,revise,5.0,5.0,3.0,3.0,3.0,3.0,4.0,4.0,4.0,0.2433912331600181,0.7566087668399819,0.7566087668399819,0.7566087668399819,0.0,0.0,1.0,0.0,0.0,0.0,0.2433912331600181
Gaussian1502.01366v2_idea_ratings.json,deepseekv2,Gaussian Approximation Potentials: a brief tutorial,gaussianapproximationpotentialsabrieftutorial,GP-SOAPFusion,gp-soapfusion,Enhancing Interatomic Potential Models through Gaussian Process Regression and SOAP Descriptor Fusion for Multi-Scale Data Integration,4.5,revise,4.0,5.0,4.0,5.0,5.0,4.0,5.0,4.0,5.0,,,,,,,,,,,
Gaussian1502.01366v2_idea_ratings.json,deepseekv2,Gaussian Approximation Potentials: a brief tutorial,gaussianapproximationpotentialsabrieftutorial,GP-SOAPAdaptiveV2,gp-soapadaptivev2,Enhancing Dynamic Materials Simulations with an Adaptive Gaussian Process Regression Framework and SOAP Descriptors,4.45,revise,5.0,5.0,3.0,5.0,4.0,4.0,5.0,4.0,5.0,,,,,,,,,,,
Gaussian1502.01366v2_idea_ratings.json,deepseekv2,Gaussian Approximation Potentials: a brief tutorial,gaussianapproximationpotentialsabrieftutorial,GP-SOAPQuantumBridge,gp-soapquantumbridge,Bridging Quantum Mechanics and Coarse-Grained Simulations with an Integrated Gaussian Process Regression Framework using SOAP Descriptors,4.35,revise,4.0,5.0,3.0,5.0,5.0,4.0,5.0,4.0,5.0,,,,,,,,,,,
Gaussian1502.01366v2_idea_ratings.json,deepseekv2,Gaussian Approximation Potentials: a brief tutorial,gaussianapproximationpotentialsabrieftutorial,GP-SOAPSymUnifier,gp-soapsymunifier,Harmonizing Symmetry in Multi-Scale Interatomic Potential Models using Gaussian Process Regression and SOAP Descriptors,4.35,revise,4.0,5.0,3.0,5.0,5.0,4.0,5.0,4.0,5.0,,,,,,,,,,,
Economics1804.05785v2_idea_ratings.json,deepseekv2,Estimating Dynamic Treatment Effects in Event Studies with Heterogeneous Treatment Effects,estimatingdynamictreatmenteffectsineventstudieswithheterogeneoustreatmenteffects,HeuristicDynamicTreatmentEstimation,heuristicdynamictreatmentestimation,Enhancing Interpretability and Robustness in Dynamic Treatment Effect Estimation through Heuristic Approaches,4.15,revise,4.0,5.0,4.0,4.0,4.0,4.0,4.0,4.0,4.0,0.5065078142094932,0.49366560686416666,0.49349218579050674,0.4899351590348451,0.0,0.0,1.0,0.17152526974678037,0.17152526974678037,0.17152526974678037,0.5065078142094932
Economics1804.05785v2_idea_ratings.json,deepseekv2,Estimating Dynamic Treatment Effects in Event Studies with Heterogeneous Treatment Effects,estimatingdynamictreatmenteffectsineventstudieswithheterogeneoustreatmenteffects,AdaptiveCohortDTEFramework,adaptivecohortdteframework,Advancing Dynamic Treatment Effect Estimation with an Adaptive Cohort-Specific Modeling Framework,4.15,revise,4.0,5.0,4.0,4.0,4.0,4.0,4.0,4.0,4.0,0.5065078142094932,0.49366560686416666,0.49349218579050674,0.4899351590348451,0.0,0.0,1.0,0.17152526974678037,0.17152526974678037,0.17152526974678037,0.5065078142094932
Self-RAG2310.11511v1_idea_ratings.json,deepseekv2,"SELF-RAG: Learning to Retrieve, Generate, and Critique through Self-Reflection",self-raglearningtoretrievegenerateandcritiquethroughself-reflection,AdaptiveRetrievalLM_v2,adaptiveretrievallmv2,Integrating Dynamic Retrieval Policies and Self-Evaluation for Enhanced Language Model Performance,4.05,revise,4.0,5.0,4.0,4.0,4.0,3.0,4.0,4.0,4.0,0.24832343148153396,0.7591726458382979,0.7516765685184661,0.7507241992135761,0.0,0.0,0.875,0.17497675865888587,0.17497675865888587,0.12430316954851142,0.24832343148153396
Self-RAG2310.11511v1_idea_ratings.json,deepseekv2,"SELF-RAG: Learning to Retrieve, Generate, and Critique through Self-Reflection",self-raglearningtoretrievegenerateandcritiquethroughself-reflection,MetaRetrievalCritic_refined,metaretrievalcriticrefined,Enhancing Factual Accuracy in Language Models with Meta-Learning and Adaptive Feedback Loops,3.6,revise,4.0,4.0,3.0,4.0,3.0,3.0,4.0,4.0,3.0,0.24832343148153396,0.7591726458382979,0.7516765685184661,0.7507241992135761,0.0,0.0,0.875,0.17497675865888587,0.17497675865888587,0.12430316954851142,0.24832343148153396
